NDC,Name,Label
00172-5032-60_002D0078,Hydrochlorothiazide and Lisinopril 25 mg / 20 mg,0
00093-0757-01_AC2B561A,Piroxicam 20 mg,1
00603-3741-21_DD22EEE7,Furosemide 80 mg,2
00591-5052-01_BD215E8A,PredniSONE 5 mg,3
50111-0326-01_9C2F4E4A,Bethanechol Chloride 50 mg,4
00074-3290-13_EC1D766B,Tarka 4 mg / 240 mg,5
00172-3761-60_0E2D0708,Lisinopril 40 mg,6
00173-0595-00_10230838,Combivir 150 mg / 300 mg,7
59762-5011-01_1D230EC8,Spironolactone 25 mg,8
00054-4182-25_77233BF9,Dexamethasone 1.5 mg,9
00093-5124-01_3D2D9E8C,Benazepril Hydrochloride 5 mg,10
00093-1026-06_8129C0EE,Nefazodone Hydrochloride 250 mg,11
00093-7116-98_6F2BB79D,Paroxetine Hydrochloride 30 mg,12
00093-7426-56_DC27EE6F,Montelukast Sodium 10 mg (base),13
68462-0160-01_B123D88E,Metformin Hydrochloride 850 mg,14
00378-1800-01_6823B45D,Levothyroxine Sodium 25 mcg (0.025 mg),15
00074-7149-90_931D49FA,Synthroid 0.3 mg,16
00172-4096-60_B726DBE6,Baclofen 10 mg,17
00378-3855-77_FB1C7D93,Escitalopram Oxalate 5 mg (base),18
50458-0579-30_8F1DC7FE,Xarelto 20 mg,19
60505-0065-00_412920F9,Omeprazole Delayed Release 20 mg,20
00143-1425-01_B12658A2,Prednisone 2.5 mg,21
00093-1005-01_9629CB0E,Naproxen Delayed-Release 375 mg,22
00555-0834-02_D8216C0B,Warfarin Sodium 7.5 mg,23
00093-7305-65_7C2F3E59,Mirtazapine 45 mg,24
00093-9774-01_F922FC97,Hydroxychloroquine Sulfate 200 mg,25
53489-0384-01_4D202681,Metoclopramide Hydrochloride 5 mg,26
00378-0143-01_8221411A,Indomethacin 25 mg,27
68180-0479-01_B4215A0A,Simvastatin 20 mg,28
63459-0412-30_8B2D45DA,Gabitril 12 mg,29
00555-0882-02_9B304DA2,Hydroxyurea 500 mg,30
29033-0020-12_BE135F6A,Carbamazepine Extended Release 200 mg,31
00185-0117-01_D520EAA7,Labetalol Hydrochloride 200 mg,32
00074-7070-90_991D4CFA,Synthroid 175 mcg (0.175 mg),33
00093-0321-01_902B486A,Diltiazem Hydrochloride 120 mg,34
00006-0112-54_131609E0,Januvia 50 mg,35
00378-3495-01_15238AEC,Nifedipine ER 90 mg,36
55111-0344-30_24241210,Citalopram Hydrobromide 40 mg,37
00555-0980-37_96304B32,Nimodipine 30 mg,38
00378-2675-01_E52372EB,Amitriptyline Hydrochloride 75 mg,39
00093-7285-89_B62FDB4E,Levetiracetam 250 mg,40
00093-4236-01_112388AC,Nadolol 40 mg,41
00378-1815-01_4423A22D,Levothyroxine Sodium 150 mcg (0.15 mg),42
62756-0712-86_890EC4C6,Topiramate 200 mg,43
00172-3762-60_8B21C5AE,Lisinopril 30 mg,44
00093-0220-56_37299BCC,Bicalutamide 50 mg,45
63010-0027-70_141B8A3C,Viracept 625 mg,46
65862-0144-01_5E212F49,Carvedilol 12.5 mg,47
50111-0433-01_21301080,Trazodone Hydrochloride 50 mg,48
00187-0844-01_AF1C5782,Phrenilin Forte acetaminophen 650mg / butalbital 50mg,49
00093-5105-56_102D880C,Olanzapine 20 mg,50
00555-0969-02_0C300600,Fluvoxamine Maleate 100 mg,51
00069-1540-68_BB1C5DE2,Norvasc 10 mg,52
00186-0520-60_C41DE20F,Vimovo esomeprazole 20 mg / naproxen 500 mg,53
62037-0999-10_C71D63AB,Potassium Chloride Extended-Release 20 mEq (1500 mg),54
00378-2073-01_C523E2AF,Lisinopril 5 mg,55
00555-0633-02_72303931,Danazol 50 mg,56
00591-5307-01_B8215C7A,Promethazine Hydrochloride 25 mg,57
00093-7223-98_882FC43E,Fosinopril Sodium 20 mg,58
00093-0733-01_672B3399,Metoprolol Tartrate 50 mg,59
50111-0397-01_30269804,Hydralazine Hydrochloride 100 mg,60
00074-9296-90_A51D52FA,Synthroid 112 mcg (0.112 mg),61
53489-0469-01_E92374FB,Metformin Hydrochloride 1000 mg,62
00093-0132-01_15298A8C,"Lamotrigine (Chewable, Dispersible) 25 mg",63
00093-1024-06_8E29C77E,Nefazodone Hydrochloride 100 mg,64
00093-0657-01_302B1808,Calcitriol 0.25 mcg,65
00071-0156-23_741C3A41,Lipitor 20 mg,66
00172-5311-60_04280270,Ciprofloxacin Hydrochloride 250 mg,67
00093-5420-88_8E2BC72E,Cabergoline 0.5 mg,68
00378-7003-93_74243A01,Paroxetine Hydrochloride 30 mg,69
00002-3229-30_3E1E1F50,Strattera 40 mg,70
00093-0319-01_792B3CF9,Diltiazem Hydrochloride 60 mg,71
00378-1809-01_5623AB5D,Levothyroxine Sodium 100 mcg (0.1 mg),72
00093-7243-06_7B293DD9,Risperidone 4 mg,73
00173-0561-00_97194BBA,Amerge 1 mg,74
00093-5851-01_812BC09E,Escitalopram Oxalate 10 mg,75
00093-1015-01_A929D4FE,Nabumetone 500 mg,76
00093-4237-01_A323D19E,Nadolol 80 mg,77
00093-2080-01_D326E9C7,Hydrochlorothiazide 12.5 mg,78
00555-0899-02_442F2209,Estradiol 0.5 mg,79
00781-5186-01_7A23BD5D,Levothyroxine Sodium 125 mcg (0.125 mg),80
00009-0055-01_CA1DE53F,Xanax 0.5 mg,81
00378-1811-01_5123A8BD,Levothyroxine Sodium 112 mcg (0.112 mg),82
00832-1024-00_6E233779,Baclofen 10 mg,83
59762-5033-02_8015C00E,Glipizide XL 10 mg,84
00093-7167-98_6129B0CD,Amlodipine Besylate 5 mg,85
00143-1227-01_C123608B,Dicyclomine Hydrochloride 20 mg,86
00093-4740-01_F02D781B,Citalopram Hydrobromide 10 mg,87
00093-7327-01_B02D580A,Trandolapril 4 mg,88
00832-1080-00_C0266053,Benztropine Mesylate 0.5 mg,89
00093-7247-06_7329B9CD,Lamotrigine 150 mg,90
64679-0929-01_6521B2ED,Lisinopril 10 mg,91
00093-0028-01_6A29B54D,Enalapril Maleate 10 mg,92
55111-0343-30_4826A465,Citalopram Hydrobromide 20 mg,93
00093-0174-56_96294B5A,Leflunomide 20 mg,94
00093-0755-06_752B3AE9,Diflunisal 500 mg,95
00093-2931-01_4A2B2559,Methyldopa 250 mg,96
00093-7158-06_312B98DC,Clarithromycin 500 mg,97
00172-5413-46_E923F4AF,Fluconazole 200 mg,98
00093-0012-98_4D29A6AD,Pantoprazole Sodium Delayed-Release 40 mg,99
00555-9026-58_1B2F8DDC,Junel Fe 1/20 ferrous fumarate 75 mg,100
00555-0835-02_98214C5A,Warfarin Sodium 10 mg,101
53489-0143-01_62213159,Spironolactone 25 mg,102
00555-0733-02_3B2F1D88,Trazodone Hydrochloride 300 mg,103
00378-0350-01_2D2116B8,Metformin Hydrochloride Extended Release 750 mg,104
00093-7443-56_052702B8,Fluvastatin Sodium 40 mg,105
00006-0277-54_16160B30,Januvia 100 mg,106
00555-0831-02_C52F62EB,Warfarin Sodium 1 mg,107
00074-3020-11_E01D703B,Teveten HCT 600 mg / 25 mg,108
00093-0733-01_1E210F08,Metoprolol Tartrate 50 mg,109
16252-0572-50_DB1FEDBF,Ramipril 5 mg,110
59762-2003-01_EC1DF61F,Ziprasidone Hydrochloride 60 mg,111
00378-2074-01_8B2145CA,Lisinopril 10 mg,112
00781-1486-01_16240B50,Amitriptyline Hydrochloride 10 mg,113
00093-7178-01_D329E9CF,Nefazodone Hydrochloride 50 mg,114
00093-5247-65_8F26C7D6,Olanzapine (Orally Disintegrating) 15 mg,115
27437-0201-08_B51D5AAA,Suprax 400 mg,116
00172-7312-46_972BCBDE,Cyclosporine 100 mg,117
00093-0734-01_C022E017,Metoprolol Tartrate 100 mg,118
00555-0715-58_FB2F7DEB,Camila 0.35 mg,119
31722-0278-10_241D925C,Topiramate 25 mg,120
15456-0980-04_9418CA26,Sanctura 20 MG,121
00093-2932-01_DA296D4B,Methyldopa 500 mg,122
00172-5410-46_502DA81D,Fluconazole 50 mg,123
00093-7383-01_56292B49,Venlafaxine Hydrochloride 100 mg,124
00555-0286-02_F92B7CEB,Dipyridamole 75 mg,125
10144-0602-15_FA1DFD3F,Zanaflex 2 mg,126
00555-0513-02_D92B6CFB,Acetazolamide Extended Release 500 mg,127
00603-3079-21_F4267A63,Cyclobenzaprine Hydrochloride 10 mg,128
00006-0749-54_821DC16E,Zocor 40 mg,129
51248-0151-03_5A1DAD5D,Vesicare 10 mg,130
00456-1420-30_44132249,Bystolic 20 mg,131
53489-0510-01_14230A48,Trazodone Hydrochloride 50 mg,132
00172-5413-46_5E2DAF0D,Fluconazole 200 mg,133
00781-5046-01_F223F92F,Glimepiride 2 mg,134
00172-7310-46_9B2BCDEE,Cyclosporine 25 mg,135
00093-7236-56_422B2109,Ondansetron Hydrochloride 8 mg,136
63304-0693-01_F7267BB3,Clindamycin Hydrochloride 300 mg,137
00093-0199-01_CD266683,Venlafaxine Hydrochloride 25 mg,138
00093-7442-56_30271848,Fluvastatin Sodium 20 mg,139
00172-3649-60_A126D0D6,Glipizide 5 mg,140
00172-4096-60_5C232E79,Baclofen 10 mg,141
00591-0388-01_BB1FDD9E,Acetaminophen and Hydrocodone Bitartrate 500 mg / 2.5 mg,142
49884-0653-01_4B212589,Torsemide 20 mg,143
64679-0936-03_7E05BF4D,Famotidine 20 mg,144
65197-0002-01_3315999C,Dyrenium 50 mg,145
00093-5505-56_F426FA17,Fluoxetine Hydrochloride and Olanzapine 50 mg / 6 mg,146
00555-9028-58_642FB23D,Junel Fe 1.5/30 ferrous fumarate 75 mg,147
00093-7113-06_E029F05F,Nefazodone Hydrochloride 150 mg,148
00093-7366-56_B12FD8DE,Losartan Potassium 100 mg,149
00093-0154-01_6F29B7BD,Ticlopidine Hydrochloride 250 mg,150
00093-0463-01_5429AA3D,Lamotrigine 100 mg,151
00093-5119-98_492D24A9,Diltiazem Hydrochloride Extended-Release (CD) 300 mg,152
00172-5312-70_C127E0EF,Ciprofloxacin Hydrochloride 500 mg,153
47335-0580-81_7212B945,Pantoprazole Sodium Delayed Release 40 mg,154
00093-7350-56_5B2D2DA9,Lansoprazole Delayed Release 15 mg,155
00078-0358-34_EA15750B,Diovan 80 mg,156
00093-7385-56_002F802C,Venlafaxine Hydrochloride Extended-Release 75 mg,157
60505-0146-00_46292339,Omeprazole Delayed Release 40 mg,158
00781-5184-01_6E21B76D,Levothyroxine Sodium 100 mcg (0.1 mg),159
00002-3238-30_361E1B30,Strattera 18 mg,160
00173-0949-55_3219995C,Zovirax 400 mg,161
00378-6233-01_47242381,Citalopram Hydrobromide 40 mg,162
00093-5703-01_7D2DBE9D,Buproban bupropion 150 mg,163
00093-7380-01_A0265062,Venlafaxine Hydrochloride 37.5 mg,164
00093-7169-56_1F2B8FDC,Azithromycin Monohydrate 500 mg,165
00003-4222-16_F215F93F,Kombiglyze XR metformin hydrochloride extended-release 1000 mg / saxagliptin 2.5 mg,166
00054-0109-25_00268004,Ramipril 10 mg,167
00378-3857-77_FD1C7EE3,Escitalopram Oxalate 20 mg (base),168
00378-0216-01_74203A31,Furosemide 40 mg,169
68382-0022-01_59202C81,Atenolol 25 mg,170
50111-0325-01_D32F69DB,Bethanechol Chloride 25 MG,171
00378-4186-93_37219BDC,Sertraline Hydrochloride 25 mg,172
00093-5770-56_E927F4FF,Olanzapine 10 mg,173
00093-5385-06_FB27FDFF,Lamivudine and Zidovudine 150 mg / 300 mg,174
00555-0590-01_0E2F871C,Didanosine 400 mg,175
00172-4960-58_AF2DD78E,Flutamide 125 mg,176
00093-7355-56_D42D6A0B,Finasteride 5 mg,177
00074-6594-90_AB1D55FA,Synthroid 88 mcg (0.088 mg),178
00172-4358-46_172D8B9C,Ranitidine Hydrochloride 300 mg,179
00093-7248-06_7829BC3D,Lamotrigine 200 mg,180
00093-7367-56_C02FE05F,Hydrochlorothiazide and Losartan Potassium 12.5 mg / 50 mg,181
00185-0149-01_7608BB65,Midodrine Hydrochloride 10 mg,182
50111-0563-01_6B243581,Cyclobenzaprine Hydrochloride 10 mg,183
51672-4033-01_A72653F2,Warfarin Sodium 6 mg,184
51285-0754-02_122F892C,Diamox Sequels 500 mg,185
58468-0130-01_D71C6B93,Renvela sevelamer carbonate 800 mg,186
00093-4059-53_FD2D7EDB,Cefadroxil Monohydate 1 g (1000mg),187
50111-0901-01_8B3245D2,Ethosuximide 250 mg,188
00093-8940-01_FB267DF3,Acyclovir 200 mg,189
50111-0327-01_253012F0,Hydralazine Hydrochloride 25 mg,190
00597-0044-37_D116E8D7,Micardis HCT 12.5 mg / 80 mg,191
62559-1507-00_8415C24E,Esterified Estrogens and Methyltestosterone  0.625 mg / 1.25 mg,192
00093-7146-18_5D242E91,Azithromycin Monohydrate 250 mg,193
00143-1475-01_B7205BF2,Prednisone 5 mg,194
00832-1025-00_73233989,Baclofen 20 mg,195
00555-0779-02_42302161,Medroxyprogesterone Acetate 10 mg,196
00093-5050-06_992D4C9A,Actoplus Met 850 mg / 15 mg,197
00228-2717-11_56232B19,Diclofenac Sodium Extended Release 100 mg,198
67253-0902-10_AC15561A,Alprazolam 1 mg,199
00555-9027-42_F72F7BDB,Junel 1.5/30 ethinyl estradiol 0.03 mg / norethindrone 1.5 mg,200
00093-0983-01_7A29BD5D,Nystatin 500000 units,201
00093-5150-01_2E29974C,Moexipril Hydrochloride 15 mg,202
00555-0926-02_DE2F6F4B,Warfarin Sodium 6 mg,203
00185-0124-01_AA23551A,Benazepril Hydrochloride and Hydrochlorothiazide 5 mg / 6.25 mg,204
00054-0166-25_6A1DB56D,Mycophenolate Mofetil 500 mg,205
00555-0832-02_94214A4A,Warfarin Sodium 2.5 mg,206
68382-0024-01_A12050B2,Atenolol 100 mg,207
50111-0328-01_55212A99,Hydralazine Hydrochloride 50 mg,208
00555-0833-02_C12F60DB,Warfarin Sodium 5 mg,209
00093-5501-01_CF2D679B,Budeprion SR 100 mg,210
00555-0887-02_A02F505A,Estradiol 2 mg,211
51672-4035-01_DA266D43,Warfarin Sodium 10 mg,212
00378-6232-01_70213849,Citalopram Hydrobromide 20 mg,213
59148-0006-13_97154BCA,Abilify 2 mg,214
00093-1122-01_CC29665B,Etodolac ER 400 mg,215
59762-5019-01_232191EC,Quinapril Hydrochloride 5 mg,216
00173-0755-00_BC15DE0E,Lamictal XR 50 mg,217
00093-5711-01_3A2B9D5C,Glyburide and Metformin Hydrochloride 2.5 mg / 500 mg,218
00002-3250-30_431E21C1,Strattera 80 mg,219
53489-0139-01_B0205832,Prednisone 10 mg,220
00093-7326-01_812D40CA,Trandolapril 2 mg,221
00378-1807-01_1A238D5C,Levothyroxine Sodium 88 mcg (0.088 mg),222
00781-5185-01_8323C1DE,Levothyroxine Sodium 112 mcg (0.112 mg),223
50111-0323-01_AA2F556A,Bethanechol Chloride 5 mg,224
00007-4891-20_CD18E6D7,Requip 0.5 mg,225
00093-0011-98_2829944C,Pantoprazole sodium delayed-release 20 mg,226
00555-0211-10_C32B61BB,Norethindrone Acetate 5 mg,227
00093-1172-01_CC2DE65F,Penicillin V Potassium 250 mg,228
00093-0083-98_3B299DDC,Amlodipine Besylate 2.5 mg,229
00093-1063-01_A029D07E,Sotalol Hydrochloride 240 mg,230
63459-0404-30_A72D538A,Gabitril 4 mg,231
00093-7436-01_8D3046B2,Ramipril 2.5 mg,232
00093-7325-01_852D42DA,Trandolapril 1 mg,233
00093-9133-06_A4205202,Amiodarone Hydrochloride 200 mg,234
64720-0323-10_F51DFA9F,Zaleplon 10 mg,235
00555-9025-42_F22F796B,Junel 1/20 ethinyl estradiol 0.02 mg / norethindrone 1 mg,236
60505-0065-01_021D811C,Omeprazole Delayed Release 20 mg,237
00555-0485-27_0D2B86DC,Leucovorin Calcium 25 mg,238
00781-1487-01_112408E0,Amitriptyline Hydrochloride 25 mg,239
00781-2053-01_521E2911,Terazosin Hydrochloride 5 mg,240
00555-0324-02_DE2B6F6B,Hydroxyzine Pamoate 100 mg,241
65862-0064-01_252392CC,Metoprolol Tartrate 100 mg,242
66993-0107-02_3A239D7C,Fexofenadine Hydrochloride 60 mg,243
51285-0406-02_E91FF4AF,Enjuvia 0.3 mg,244
68382-0023-01_452022C1,Atenolol 50 mg,245
00378-1819-01_3F239FBC,Levothyroxine Sodium 200 mcg (0.2 mg),246
00093-5215-01_562BAB0D,Hydrochlorothiazide and Moexipril Hydrochloride 25 mg / 15 mg,247
00093-2047-56_EA29752B,Actos 30 mg,248
00093-7380-01_B12958DA,Venlafaxine Hydrochloride 37.5 mg,249
00093-4336-01_CA2DE50F,Terazosin Hydrochloride 1 mg,250
59762-5021-01_19230CB8,Quinapril Hydrochloride 20 mg,251
50111-0468-01_6121B0DD,Propranolol Hydrochloride 20 mg,252
59762-2004-01_E61DF31F,Ziprasidone Hydrochloride 80 mg,253
00777-3105-02_061C8364,Prozac 20 mg,254
00173-0933-08_2E1D970C,Valtrex 500 mg,255
00093-7241-06_8B2945BA,Risperidone 2 mg,256
00378-0218-01_BF205FB2,Atenolol 25 mg,257
00591-0406-01_5C21AE6D,Lisinopril 5 mg,258
00310-0279-10_131C8994,Seroquel 400 mg,259
00093-0308-01_342B1A18,Clemastine Fumarate 2.68 mg,260
00093-7295-01_31281890,Carvedilol 12.5 mg,261
00093-3012-84_F32CF987,Clozapine (Orally Disintegrating) 25 mg,262
99207-0467-30_C11D60AB,Solodyn 105 mg,263
00093-7208-56_E42FF25F,Mirtazapine 45 mg,264
00555-0832-02_CE2F676B,Warfarin Sodium 2.5 mg,265
00093-2061-98_552B2A99,TriCor 48 mg,266
00093-5246-65_9326C9E6,Olanzapine (Orally Disintegrating) 10 mg,267
51672-4016-01_09268484,Etodolac 200 mg,268
00555-0835-02_CA2F655B,Warfarin Sodium 10 mg,269
00071-1015-68_5215A92D,Lyrica 100 mg,270
00071-1017-68_5515AAAD,Lyrica 200 mg,271
50111-0471-01_18300C00,Propranolol Hydrochloride 80 mg,272
00093-0233-56_1E2B0F08,Ondansetron Hydrochloride 4 mg,273
00093-4237-01_2B2D958C,Nadolol 80 mg,274
00093-7364-98_AC305672,Losartan Potassium 25 mg,275
00591-5556-01_0E21876C,Propranolol Hydrochloride 40 mg,276
00378-4151-01_2A21954C,Tramadol Hydrochloride 50 mg,277
00378-2625-01_CE23E72F,Amitriptyline Hydrochloride 25 mg,278
00093-7168-98_4229A13D,Amlodipine Besylate 10 mg,279
00093-8035-01_DC266E63,Glyburide (Micronized) 3 mg,280
00093-0852-53_2C241600,Metronidazole 500 mg,281
00781-5181-01_6C23B66D,Levothyroxine Sodium 50 mcg (0.05 mg),282
00093-0892-01_A32B519A,Etodolac 400 mg,283
00555-9026-58_202F901C,Junel Fe 1/20 ferrous fumarate 75 mg,284
00093-0537-01_942B4A7A,Naproxen Sodium 550 mg,285
68462-0208-01_7A1B3D59,Moexipril Hydrochloride 15 mg,286
00186-1092-05_191D8CEC,Toprol-XL 100 mg,287
65862-0054-30_C12160FB,Simvastatin 80 mg,288
00555-9028-58_682FB44D,Junel Fe 1.5/30 ferrous fumarate 75 mg,289
00093-1060-01_DC29EE4F,Sotalol Hydrochloride 120 mg,290
00555-0066-02_C82B642B,Isoniazid 100 mg,291
00172-4357-49_622DB11D,Ranitidine Hydrochloride 150 mg,292
00093-7365-56_AA305552,Losartan Potassium 50 mg,293
50111-0328-01_00300060,Hydralazine Hydrochloride 50 mg,294
00093-4404-01_372D1BD8,Clozapine 50 mg,295
00093-1078-53_8529C2FE,Cefprozil 500 mg,296
00093-7314-56_18280C00,Clopidogrel Bisulfate 75 mg (base),297
00093-1174-01_B52B5AFA,Penicillin V Potassium 500 mg,298
50458-0551-01_0F1607A0,Invega 6 mg,299
00093-7157-06_4D2BA68D,Clarithromycin 250 mg,300
00093-0900-01_5A292D59,Ketoconazole 200 mg,301
00378-1125-01_7E203F41,Glyburide (Micronized) 3 mg,302
64764-0805-30_191C8C94,Rozerem 8 mg,303
62037-0640-30_19268CC4,Omeprazole Delayed Release 40 mg,304
00781-1507-01_39201C90,Atenolol 100 mg,305
50111-0482-01_3D301EF0,Theophylline Extended-Release 200 mg,306
00013-5301-17_691E34B1,Mycobutin 150 mg,307
00185-0505-01_A623530A,Benazepril Hydrochloride 5 mg,308
00075-7700-60_E51C72E3,Rilutek 50 mg,309
00054-2526-25_961C4B22,Lithium Carbonate 150 mg,310
55111-0197-30_D7236B9B,Simvastatin 5 mg,311
00093-0314-01_222B1118,Ketorolac Tromethamine 10 mg,312
00093-0039-01_4F29A7CD,Lamotrigine 25 mg,313
63304-0553-05_D015681B,CLORAZEPATE DIPOTASSIUM 7.5 MG,314
00555-0483-02_002B804C,Amiloride Hydrochloride and Hydrochlorothiazide 5 mg / 50 mg,315
99207-0461-30_EF1C7793,Solodyn 90 mg,316
00185-0053-01_9D234E8A,Benazepril Hydrochloride 10 mg,317
00093-2275-34_D82D6C1B,Amoxicillin and Clavulanate Potassium 875 mg / 125 mg,318
63304-0829-90_D91C6CE3,Atorvastatin Calcium 40 mg,319
00172-5728-60_5821AC5D,Famotidine 20 mg,320
00007-4642-13_8C18C666,Promacta 75 mg,321
00781-1146-01_F422FA27,Glyburide 2.5 mg,322
00093-1087-01_9E29CF5E,Cefaclor ER 500 mg,323
00555-0967-02_58302C71,Fluvoxamine Maleate 25 mg,324
00378-0501-01_CA21657B,Bisoprolol Fumarate and Hydrochlorothiazide 2.5 mg / 6.25 mg,325
50111-0324-01_A62F535A,Bethanechol Chloride 10 mg,326
41616-0636-83_1A240D60,Alendronate Sodium 10 mg,327
00378-0722-19_3E241F00,Tizanidine Hydrochloride 2 mg,328
00172-4285-60_672DB38D,Verapamil Hydrochloride SR 120 mg,329
00093-7338-01_642D3229,Tamsulosin Hydrochloride 0.4 mg,330
52544-0913-01_AB1B558A,Norco 325 mg / 5 mg,331
00093-7381-01_512928D9,Venlafaxine Hydrochloride 50 mg,332
00093-0076-01_B722DB96,Isosorbide Mononitrate 20 mg,333
00093-3002-56_0D2986FC,Quinine Sulfate 324 mg,334
00172-5240-60_A12DD0FE,Anagrelide Hydrochloride 1 mg,335
00832-0038-00_BB22DDA6,Oxybutynin Chloride 5 mg,336
00378-0184-01_652032B1,Propranolol Hydrochloride 40 mg,337
00093-7267-01_DF2FEFEF,Metformin Hydrochloride Extended Release 500 mg,338
00378-3475-01_6F243791,Nifedipine ER 30 mg,339
53489-0105-01_3D269EF4,Amitriptyline Hydrochloride 25 mg,340
00093-4236-01_262D937C,Nadolol 40 mg,341
00378-1165-91_3E201F00,Buspirone Hydrochloride 15 mg,342
68180-0518-01_070883B4,Hydrochlorothiazide and lisinopril 12.5 mg / 10 mg,343
00093-7772-01_242D1278,Clozapine 100 mg,344
00093-1052-01_AE29D76E,Enalapril Maleate and Hydrochlorothiazide 10 mg / 25 mg,345
50111-0308-01_94294A3A,Hydroxyzine Hydrochloride 25 mg,346
00002-4464-30_B8155C1A,Cialis 20 mg,347
00093-2130-01_E329F1AF,Nitrofurantoin (Macrocrystals) 50 mg,348
00228-2779-11_3F211FE8,Propranolol Hydrochloride Extended Release 80 mg,349
49884-0401-91_421CA105,Risperidone (Orally Disintegrating) 2 mg,350
65580-0303-03_0A128554,Venlafaxine Hydrochloride Extended Release 150 mg,351
00093-0782-56_392B1C88,Tamoxifen Citrate 20 mg,352
00093-7115-98_732BB9AD,Paroxetine Hydrochloride 20 mg,353
00378-2076-01_5A23AD6D,Lisinopril 40 mg,354
00781-2020-05_D812EC47,Amoxicillin 250 mg,355
43386-0660-24_D91DECBF,Trimethobenzamide Hydrochloride 300 mg,356
00093-7234-01_B13058E2,Meloxicam 7.5 mg,357
68180-0501-01_08240460,Meloxicam 7.5 mg,358
00049-4910-30_881DC46E,Zoloft 100 mg,359
00093-7258-56_28301410,Valacyclovir Hydrochloride 500 mg,360
63304-0579-01_5D26AEB5,Metoprolol Tartrate 25 mg,361
00781-2054-01_A30ED1E6,Terazosin Hydrochloride 10 mg,362
00378-0724-19_39241C90,Tizanidine Hydrochloride 4 mg,363
00378-6231-01_6B2135D9,Citalopram Hydrobromide 10 mg,364
00143-1268-01_7321B9DD,Lisinopril 20 mg,365
68462-0358-05_A71C53C2,Nabumetone 500 mg,366
00023-9350-07_D4196A7B,Sanctura XR 60 mg,367
00781-1452-01_D720EBF7,Glipizide 5 mg,368
00172-7311-46_922BC96E,Cyclosporine 50 mg,369
00555-0925-02_46212319,Warfarin Sodium 3 mg,370
00093-5112-98_4E2D2719,Diltiazem Hydrochloride Extended-Release (CD) 120 mg,371
00781-5183-01_7E23BF6D,Levothyroxine Sodium 88 mcg (0.088 mg),372
00173-0562-00_A01C5002,Amerge 2.5 MG,373
00378-3632-01_4B242591,Carvedilol 6.25 mg,374
00093-8036-01_C2266173,Glyburide (Micronized) 6 mg,375
00093-7180-01_482BA47D,Ofloxacin 200 mg,376
00093-7286-89_D62FEB6F,Levetiracetam 500 mg,377
12496-1283-02_281D940C,Suboxone buprenorphine hydrochloride 2 mg (base) / naloxone hydrochloride 0.5 mg (base),378
00093-2158-01_5A2B2D69,Trimethoprim 100 mg,379
00093-0756-01_19268C94,Piroxicam 10 mg,380
65580-0302-03_04128254,Venlafaxine Hydrochloride Extended Release 75 mg,381
00093-1061-01_9329C9EE,Sotalol Hydrochloride 80 mg,382
68462-0163-01_DC216E7B,Carvedilol 6.25 mg,383
00093-5502-01_742DBA1D,Budeprion SR 150 mg,384
00093-5768-56_7A1C3D41,Olanzapine 5 mg,385
00009-7663-04_FD12FEA7,Aromasin 25 mg,386
00007-4892-20_BE18DF56,Requip 1 mg,387
50111-0518-01_A82FD45E,Theophylline Extended-Release 450 mg,388
00093-7254-01_632F3199,Glimepiride 1 mg,389
00172-5361-60_CA23650B,Benazepril Hydrochloride and Hydrochlorothiazide 10 mg / 12.5 mg,390
00172-3758-60_092D04F8,Lisinopril 5 mg,391
00555-0886-02_4D2F2689,Estradiol 1 mg,392
00603-2957-21_46232309,Clonidine Hydrochloride 0.1 mg,393
00093-1049-98_CE29E75F,Metformin Hydrochloride 850 mg,394
00093-1077-01_60293059,Cefprozil 250 mg,395
65580-0304-03_011280A4,Venlafaxine Hydrochloride Extended Release 225 mg,396
00093-7146-56_282B945C,Azithromycin Monohydrate 250 mg,397
50111-0397-01_F72FFBEF,Hydralazine Hydrochloride 100 mg,398
00093-7287-89_D22FE95F,Levetiracetam 750 mg,399
51285-0523-02_2F3017D0,Antabuse 250 mg,400
00078-0359-34_EC15765B,Diovan 160 mg,401
00093-7493-06_DB2FEDDF,Levetiracetam 1000 mg,402
00093-5127-01_432DA18D,Benazepril Hydrochloride 40 mg,403
68453-0850-75_12200910,Naprelan 500 naproxen sodium 550 mg (equiv. naproxen 500 mg),404
00555-0634-02_5D302EB1,Danazol 100 mg,405
00378-5124-01_3C219E7C,Sotalol Hydrochloride (AF) 120 mg,406
51672-4042-02_D6156B1B,Clorazepate Dipotassium 3.75 mg,407
00093-5061-01_7C2D3E29,Hydroxyzine Hydrochloride 25 mg,408
00078-0574-15_3E1D9F4C,Valturna aliskiren 300 mg / valsartan 320 mg,409
00143-9920-01_A4265272,Glyburide (Micronized) 6 mg,410
60505-0185-00_27269384,Lisinopril 5 mg,411
50111-0852-01_7B303DB1,Valproic Acid 250 mg,412
52544-0152-30_041C8214,Rapaflo 8 mg,413
00093-0756-01_A82B540A,Piroxicam 10 mg,414
00007-4471-20_7618BB55,Parnate 10 mg,415
00172-4286-60_142D8A7C,Verapamil Hydrochloride SR 180 mg,416
66582-0313-31_931DC9AE,Vytorin 10 mg / 40 mg,417
00378-1110-01_15210A88,Glipizide 10 mg,418
00378-3856-77_F71C7BE3,Escitalopram Oxalate 10 mg (base),419
00172-3761-60_5226A915,Lisinopril 40 mg,420
00093-7121-98_5D2BAE9D,Paroxetine Hydrochloride 40 mg,421
68968-3500-01_581E2C71,Stavzor 500 mg,422
00093-5036-01_122D0978,Antabuse 500 mg,423
00093-5035-01_472DA39D,Antabuse 250 mg,424
41616-0759-83_671DB3BD,Venlafaxine Hydrochloride Extended Release 75 mg,425
62037-0577-01_10210878,Metformin Hydrochloride Extended-Release 750 mg,426
00093-5208-01_7C2BBE2D,Oxybutynin Chloride Extended Release 15 mg,427
00093-7303-65_752F3A99,Mirtazapine 15 mg,428
00093-7181-01_2D2B96CC,Ofloxacin 300 mg,429
00172-5033-60_BD2D5E9A,Hydrochlorothiazide and Lisinopril 12.5 mg / 10 mg,430
00178-0615-01_581DAC0D,Urocit-K 15 mEq,431
00378-2650-01_5626AB55,Amitriptyline Hydrochloride 50 mg,432
00172-4626-60_6B2DB59D,Doxycycline Hyclate 20 mg,433
63304-0827-90_F51C7A93,Atorvastatin Calcium 10 mg,434
00093-2274-34_022D814C,Amoxicillin and Clavulanate Potassium 500 mg / 125 mg,435
00603-3856-21_AC265632,Hydrochlorothiazide 25 mg,436
00093-0017-01_6629B33D,Moexipril Hydrochloride 7.5 mg,437
47335-0894-81_7F1DBFBD,Clopidogrel Bisulfate 75 mg (base),438
00093-5117-98_522D2929,Diltiazem Hydrochloride Extended-Release (CD) 180 mg,439
00093-5140-56_1B2D0DF8,Alendronate Sodium 5 mg,440
00093-7244-06_CD2FE6EF,Clarithromycin Extended Release 500 mg,441
68012-0104-30_EE1DF76F,Zegerid 40 mg / 1100 mg,442
00378-7002-93_42242111,Paroxetine Hydrochloride 20 mg,443
00093-7206-56_9F2FCFDE,Mirtazapine 15 mg,444
00093-0734-01_6C2B3609,Metoprolol Tartrate 100 mg,445
00054-0017-25_F7217BFB,Prednisone 10 mg,446
00093-5214-01_5A2BAD7D,Hydrochlorothiazide and Moexipril Hydrochloride 12.5 mg / 15 mg,447
00093-7224-98_B5305AF2,Fosinopril Sodium 40 mg,448
50111-0467-01_54302A61,Propranolol Hydrochloride 10 mg,449
49884-0544-01_1C218E5C,Ranitidine Hydrochloride 150 mg,450
51672-4030-01_D12668F3,Warfarin Sodium 3 mg,451
00093-0658-01_2B2B15C8,Calcitriol 0.5 mcg,452
00555-9010-58_3B2F9D9C,Nortrel 1/35 ethinyl estradiol 0.035 mg / norethindrone 1mg,453
00069-4210-30_641DB26D,Viagra 50 mg,454
00378-0152-01_3D231E88,Clonidine Hydrochloride 0.1 mg,455
00228-2128-10_F6337B3B,Clonidine Hydrochloride 0.2 mg,456
50111-0441-01_E02F706B,Trazodone Hydrochloride 150 mg,457
00093-7386-56_092F84AC,Venlafaxine Hydrochloride Extended-Release 150 mg,458
68180-0480-01_0A21855C,Simvastatin 40 mg,459
65862-0052-30_E522F2D7,Simvastatin 20 mg,460
59762-5008-01_8508C2E6,Misoprostol 200 mcg,461
00555-0874-02_B82F5C5A,Warfarin Sodium 4 mg,462
00093-0225-06_8D2946DA,Risperidone 0.5 mg,463
00591-5554-01_E52172FB,Propranolol Hydrochloride 10 mg,464
00093-2048-56_632B3189,Actos 15 mg,465
51285-0539-02_D13068D3,Surmontil 50 mg,466
00093-4235-01_222D910C,Nadolol 20 mg,467
00456-3210-60_B21FD94E,Namenda 10 mg,468
00378-0183-01_95204A82,Propranolol Hydrochloride 20 mg,469
00078-0521-15_E51D72AB,Tekturna HCT 150 mg-12.5 mg,470
00093-1016-01_BA29DD0E,Nabumetone 750 mg,471
55111-0196-90_701DB86D,Clopidogrel Bisulfate 75 mg (base),472
00093-3127-01_C12DE08F,Disopyramide Phosphate 100 mg,473
00555-0323-02_E72B73EB,Hydroxyzine Pamoate 25 mg,474
00093-0320-01_702B3819,Diltiazem Hydrochloride 90 mg,475
00378-2077-01_4426A255,Lisinopril 30 mg,476
00093-0711-01_7E2B3F69,Flurbiprofen 100 mg,477
60505-2580-09_9B1DCDFE,Atorvastatin Calcium 40 mg,478
50111-0398-01_04300270,Hydralazine Hydrochloride 10 mg,479
00378-1803-01_2A23950C,Levothyroxine Sodium 50 mcg (0.05 mg),480
00007-4896-20_D818EC47,Requip 4 mg,481
00591-3210-60_341C9A14,Rivastigmine Tartrate 4.5 mg,482
00093-7188-56_F92D7CCB,Fluoxetine Hydrochloride 10 mg,483
23155-0062-01_D91D6CAB,Theophylline Extended-Release 300 mg,484
00555-0484-01_092B84CC,Leucovorin Calcium 5 MG,485
00378-0232-01_86204302,Furosemide 80 mg,486
00002-3251-30_451E2281,Strattera 100 mg,487
00555-0861-02_482F2419,Flecainide Acetate 150 mg,488
00074-6122-90_051D829C,TriCor 48 mg,489
60505-2671-09_AB1DD5AE,Atorvastatin Calcium 80 mg,490
00002-3239-30_3F1E1F80,Strattera 60 mg,491
59762-5018-01_3B269DD4,Fluconazole 200 mg,492
00093-7220-06_692934D9,Topiramate 200 mg,493
00781-1506-01_36201B40,Atenolol 50 mg,494
00186-1090-05_0D1D86EC,Toprol-XL 50 mg,495
60505-1308-01_4F21A7DD,Ciprofloxacin Hydrochloride 250 mg,496
59762-4910-01_672133C9,Sertraline Hydrochloride 100 mg,497
00145-3817-03_DA196D7B,Soriatane 17.5 mg,498
00093-7485-20_C73063F3,Granisetron Hydrochloride 1 mg,499
00378-1105-01_D822EC47,Glipizide 5 mg,500
55513-0073-30_1B1C8DE4,Sensipar 30 mg,501
00093-0688-01_3229995C,"Lamotrigine (Chewable, Dispersible) 5 mg",502
50111-0469-01_46302371,Propranolol Hydrochloride 40 mg,503
00093-7437-01_80304022,Ramipril 5 mg,504
00093-2272-34_DD2D6EBB,Amoxicillin and Clavulanate 400 mg / 57 mg,505
00555-0607-02_3F2F1F98,Megestrol Acetate 40 mg,506
00185-0048-01_94234A0A,Benazepril Hydrochloride 40 mg,507
00555-0859-02_512F2899,Flecainide Acetate 50 mg,508
00781-5189-01_7523BAED,Levothyroxine Sodium 200 mcg (0.2 mg),509
00781-5187-01_34239A1C,Levothyroxine Sodium 150 mcg (0.15 mg),510
00093-0778-01_4D2926C9,Carbamazepine (chewable) 100 mg,511
00093-7296-01_F727FBEF,Carvedilol 25 mg,512
68462-0361-01_D222E917,Hydroxyzine Hydrochloride 25 mg,513
65862-0044-01_8C23C65E,Hydrochlorothiazide and Lisinopril 12.5 mg / 20 mg,514
00093-5172-20_782D3C19,Alendronate Sodium 35 mg,515
63304-0830-90_E91C7493,Atorvastatin Calcium 80 mg,516
00603-2545-21_F223797B,"Acetaminophen, Butalbital and Caffeine 500 mg / 50 mg / 40 mg",517
00143-9919-01_02230118,Glyburide (Micronized) 3 mg,518
00054-4728-25_8723C3EE,Prednisone 5 mg,519
50111-0308-01_1D268ED4,Hydroxyzine Hydrochloride 25 mg,520
00093-2060-98_072983CC,TriCor 145 mg,521
49884-0652-01_132189DC,Torsemide 10 mg,522
00603-5771-21_38231C78,Sotalol Hydrochloride 160 mg,523
00093-7382-01_64293269,Venlafaxine Hydrochloride 75 mg,524
00093-7464-56_132809F0,Irbesartan 75 mg,525
00078-0360-34_F015780B,Diovan 320 mg,526
00555-0860-02_D72F6BEB,Flecainide Acetate 100 mg,527
00093-0155-06_BA295D5A,Topiramate 25 mg,528
00378-6440-01_E21DF16F,Verapamil Hydrochloride Extended-Release 240 mg,529
68180-0481-01_FA217D1B,Simvastatin 80 mg,530
00093-0041-65_F7297BBB,ClomiPHENE Citrate 50 mg,531
00074-7068-19_A31D51AA,Synthroid 0.125 mg,532
00093-2263-01_0029803C,Amoxicillin 500 mg,533
68180-0502-01_F623FB3F,Meloxicam 15 mg,534
00781-5191-01_CD20E6B7,Levothyroxine Sodium 137 mcg (0.137 mg),535
49884-0403-91_3E1C9F54,Risperidone (Orally Disintegrating) 4 mg,536
00093-5171-20_4C2DA60D,Alendronate Sodium 70 mg,537
00597-0046-60_C01DE05F,Viramune 200 mg,538
68462-0360-01_06230358,Hydroxyzine Hydrochloride 10 mg,539
00378-2537-01_04268244,Hydrochlorothiazide and Triamterene 25 mg / 37.5 mg,540
00093-1041-01_C429E27F,Diclofenac Sodium Extended-Release 100 mg,541
59762-2002-01_E81DF46F,Ziprasidone Hydrochloride 40 mg,542
00093-7222-98_4F3027F1,Fosinopril Sodium 10 mg,543
00378-1010-01_072103C8,Piroxicam 10 mg,544
50111-0852-01_0D2306B8,Valproic Acid 250 mg,545
00172-5412-79_862DC31E,Fluconazole 150 mg,546
00093-0199-01_B6295B4A,Venlafaxine Hydrochloride 25 mg,547
00002-4463-30_B5155ACA,Cialis 10 mg,548
00093-7465-98_761DBB6D,Irbesartan 150 mg,549
00093-7304-65_712F3889,Mirtazapine 30 mg,550
55111-0268-30_C422E227,Simvastatin 80 mg,551
00527-1311-01_2D2696B4,Terbutaline Sulfate 5 mg,552
00093-0026-01_5D29AEBD,Enalapril Maleate 2.5 mg,553
53489-0146-01_8021C06E,Sulfamethoxazole and Trimethoprim 800 mg / 160 mg,554
00378-1823-01_D723EBAF,Levothyroxine Sodium 137 mcg (0.137 mg),555
67767-0133-60_26269354,Bupropion Hydrochloride Extended Release (SR) 150 mg,556
16110-0075-01_D21FE93F,Monodox 75 mg,557
00093-0924-01_B729DBEE,Oxaprozin 600 mg,558
00378-4884-01_4521A2FD,Venlafaxine Hydrochloride 75 mg,559
00093-2264-01_DE296F5B,Amoxicillin 875 mg,560
00093-7259-56_B92FDCFE,Valacyclovir Hydrochloride 1 gram,561
00591-3202-01_C11FE0FF,Acetaminophen and Hydrocodone Bitartrate 325 mg / 5 mg,562
00555-0831-02_F321798B,Warfarin Sodium 1 mg,563
68180-0478-01_AB21558A,Simvastatin 10 mg,564
00093-5141-56_172D0B88,Alendronate Sodium 10 mg,565
00093-0221-06_9F294FDA,Risperidone 0.25 mg,566
00093-3129-01_B32DD9FE,Disopyramide Phosphate 150 mg,567
00143-1473-01_A8205472,Prednisone 10 mg,568
00093-7438-01_84304232,Ramipril 10 mg,569
00093-7214-98_C929E4EF,Metformin Hydrochloride 1000 mg,570
00149-0007-05_AB1FD58E,Macrodantin 25 mg,571
00093-7212-01_C92FE4DF,Metformin Hydrochloride Extended Release 750 mg,572
00172-3762-60_0B2D85FC,Lisinopril 30 mg,573
00093-7425-56_D727EBFF,Montelukast Sodium (Chewable) 5 mg (base),574
00093-5852-01_512BA8FD,Escitalopram Oxalate 20 mg,575
00555-0997-02_BC2F5E6A,Fludrocortisone Acetate 0.1 mg,576
68453-0375-10_14200A30,Naprelan 375 naproxen sodium 412.5 mg (equiv. naproxen 375 mg),577
00093-5206-01_682BB40D,Oxybutynin Chloride Extended Release 5 mg,578
00074-5182-19_AF1D57AA,Synthroid 75 mcg (0.075 mg),579
00172-5728-60_9E27CF4E,Famotidine 20 mg,580
00555-0869-02_B32F59EA,Warfarin Sodium 2 mg,581
00093-5142-56_C62D631B,Alendronate Sodium 40 mg,582
00093-7219-06_72293959,Topiramate 100 mg,583
51285-0424-10_562F2B09,Aygestin 5 mg,584
59762-5022-01_DE1C6F53,Quinapril Hydrochloride 40 mg,585
00093-0784-06_3D2B1E98,Tamoxifen Citrate 10 mg,586
62037-0793-60_832041B2,Lovastatin 40 mg,587
00555-1883-02_92324902,Benzonatate 200 mg,588
00143-1257-01_FD22FEA7,Hydrochlorothiazide 50 mg,589
00172-4365-60_1C280E70,Labetalol Hydrochloride 200 mg,590
00074-9189-90_DF1DEFBF,Trilipix 135 mg,591
00591-5442-01_BA205D42,PredniSONE 10 mg,592
00781-1787-01_BA235D2A,Diclofenac Sodium Delayed Release 50 mg,593
00172-5729-60_092804E0,Famotidine 40 mg,594
00172-5411-46_552DAA8D,Fluconazole 100 mg,595
63459-0700-60_572D2B99,Amrix 15 mg,596
00093-1063-01_22269114,Sotalol Hydrochloride 240 mg,597
00093-1006-01_D729EBDF,Naproxen Delayed Release 500 mg,598
00555-0252-02_162B8B5C,Dipyridamole 25 mg,599
00591-5335-01_501DA84D,Trihexyphenidyl Hydrochloride 2 mg,600
00555-9010-58_372F9B8C,Nortrel 1/35 ethinyl estradiol 0.035 mg / norethindrone 1mg,601
00378-0305-01_332199CC,Sotalol Hydrochloride 80 mg,602
00172-5034-60_052D0288,Hydrochlorothiazide and Lisinopril 12.5 mg / 20 mg,603
00378-0505-01_652332F9,Bisoprolol Fumarate and Hydrochlorothiazide 10 mg / 6.25 mg,604
00093-5290-56_21281080,Voriconazole 200 mg,605
63459-0416-30_8F2D47EA,Gabitril 16 mg,606
00555-0285-02_F52B7AAB,Dipyridamole 50 mg,607
00555-0635-09_92304922,Danazol 200 mg,608
00378-3205-01_B41C5A52,Prazosin Hydrochloride 5 mg,609
64764-0918-30_351D9A9C,Uloric 40 mg,610
00378-1821-01_4D23A6AD,Levothyroxine Sodium 300 mcg (0.3 mg),611
00093-0029-01_18298C0C,Enalapril Maleate 20 mg,612
00378-0310-01_4121A08D,Sotalol Hydrochloride 120 mg,613
00093-7795-06_A727D3CE,Levetiracetam Extended Release 500 mg,614
00527-1413-01_F420FA37,Hydrochlorothiazide 25 mg,615
00093-2270-34_E12D70FB,Amoxicillin and Clavulanate 200 mg / 28.5 mg,616
50111-0393-01_61233089,Benztropine Mesylate 0.5 mg,617
00093-1062-01_A529D2EE,Sotalol Hydrochloride 160 mg,618
00172-3757-60_FC2CFE07,Lisinopril 2.5 mg,619
23635-0108-20_DC1DEE0F,TussiCaps 8 mg / 10 mg,620
00093-0948-01_272B1388,Diclofenac Potassium 50 mg,621
65862-0050-30_012180AC,Simvastatin 5 mg,622
00093-7212-01_9F23CF8E,Metformin Hydrochloride Extended Release 750 mg,623
00093-0173-56_A429524A,Leflunomide 10 mg,624
53489-0135-01_36211B38,Metronidazole 250 mg,625
00555-0588-01_77303BA1,Didanosine 200 mg,626
00378-0503-01_C923E4BF,Bisoprolol Fumarate and Hydrochlorothiazide 5 mg / 6.25 mg,627
00093-5271-56_EB2D75AB,Bisoprolol Fumarate 10 mg,628
00173-0565-04_461DA30D,Valtrex 1 gram,629
63459-0402-30_AB2D559A,Gabitril 2 mg,630
66582-0312-31_B21DD90E,Vytorin 10 mg / 20 mg,631
00093-5213-01_632BB1FD,Hydrochlorothiazide and Moexipril Hydrochloride 12.5 mg / 7.5 mg,632
51285-0524-02_582F2C29,Antabuse 500 mg,633
00093-0670-06_822B417A,Gemfibrozil 600 mg,634
65162-0212-11_AD1C56C2,Phenytoin Sodium Extended 100 mg,635
59762-5024-01_4D26A6A5,Gabapentin 800 mg,636
00093-5062-05_942D4A5A,Hydroxyzine Hydrochloride 50 mg,637
00378-0208-01_99204CF2,Furosemide 20 mg,638
00093-0318-01_462B2319,Diltiazem Hydrochloride 30 mg,639
59762-4960-01_74213A59,Sertraline Hydrochloride 25 mg,640
00004-0800-85_491E24C1,Tamiflu 75 mg,641
00093-5118-98_452D2299,Diltiazem Hydrochloride Extended-Release (CD) 240 mg,642
00378-2072-01_8621435A,Lisinopril 2.5 mg,643
00093-0090-01_F32979AB,Epitol 200 mg,644
10144-0606-15_FA1DFD0F,Zanaflex 6 mg,645
64679-0953-01_6A21B55D,Lisinopril 30 mg,646
00007-4893-20_D118E887,Requip 2 mg,647
00378-5123-01_D223E93F,Sotalol Hydrochloride (AF) 80 mg,648
00555-0917-09_312018D0,Amiodarone Hydrochloride 200 mg,649
00781-5188-01_D020E837,Levothyroxine Sodium 175 mcg,650
00093-7536-56_272813E0,Anastrozole 1 mg,651
00093-7115-98_36269B64,Paroxetine Hydrochloride 20 mg,652
53489-0138-01_B3205982,Prednisone 5 mg,653
00078-0486-15_E61D736B,Tekturna 300 mg,654
00093-4338-01_BC2DDE7E,Terazosin Hydrochloride 5 mg,655
00555-0071-01_BF2B5FAA,Isoniazid 300 mg,656
00093-1118-01_D32969BB,Etodolac ER 600 mg,657
00093-2046-56_EE29773B,Actos 45 mg,658
00603-2406-21_92204932,Baclofen 10 mg,659
00143-1241-01_B323599A,Digoxin 250 mcg (0.25 mg),660
00093-7238-98_731DB9BD,Hydrochlorothiazide and Irbesartan 12.5 mg / 150 mg,661
00093-4742-01_E62D736B,Citalopram Hydrobromide 40 mg,662
00603-5438-21_B0265872,Promethazine Hydrochloride 25 mg,663
49884-0922-02_5E08AF65,Mercaptopurine 50 MG,664
00378-3482-01_3023980C,Nifedipine ER 60 mg,665
00029-3159-13_E418F247,Avandia 4 mg,666
00555-0059-02_A62DD30E,Diphenhydramine Hydrochloride 50 mg,667
00173-0135-55_E718F397,Wellbutrin SR 150 mg,668
50111-0787-66_C42FE26F,Azithromycin Monohydrate 250 mg,669
00093-4030-01_20271038,Indomethacin 50 mg,670
50111-0563-01_4B3025E1,Cyclobenzaprine Hydrochloride 10 mg,671
00228-2127-10_5321A9ED,Clonidine Hydrochloride 0.1 mg,672
00781-2201-01_D01DE80F,Temazepam 15 mg,673
00186-1088-05_A61C5302,Toprol-XL 25 mg,674
65862-0156-30_1E238F6C,Paroxetine Hydrochloride 30 mg,675
00093-5126-01_382D9C7C,Benazepril Hydrochloride 20 mg,676
00071-0155-23_711C38F1,Lipitor 10 mg,677
65862-0012-30_052182EC,Sertraline Hydrochloride 50 mg,678
00093-5116-01_B92D5C8A,Pentoxifylline 400 mg,679
00093-0027-01_1D298EAC,Enalapril Maleate 5 mg,680
00093-4741-01_F42D7A5B,Citalopram Hydrobromide 20 mg,681
00781-1966-01_B5265AE2,Furosemide 40 mg,682
65597-0701-18_AD1DD6FE,Welchol 625 mg,683
00093-7368-56_A42FD24E,Hydrochlorothiazide and Losartan Potassium 25 mg / 100 mg,684
00078-0572-15_381D9C4C,Valturna aliskiren 150 mg / valsartan 160mg,685
00093-0536-01_992B4CEA,Naproxen Sodium 275 mg,686
00093-7240-06_7F293FE9,Risperidone 1 mg,687
00172-3757-60_56202B31,Lisinopril 2.5 mg,688
00093-7242-06_76293B69,Risperidone 3 mg,689
60505-5307-01_4D26A6D5,Acyclovir 800 mg,690
00591-0302-01_8D2046C2,Furosemide 80 MG,691
00143-3367-01_821C4162,Flurazepam Hydrochloride 15 mg,692
00456-0457-01_D51D6AFB,Armour Thyroid 15 mg,693
00002-3228-30_391E1C80,Strattera 25 mg,694
65862-0155-30_FF23FFEF,Paroxetine Hydrochloride 20 mg,695
00555-0589-01_172F8B9C,Didanosine 250 mg,696
65862-0053-30_C621630B,Simvastatin 40 mg,697
00228-2550-06_412320F9,Diclofenac Sodium Delayed Release 50 mg,698
00093-1060-01_EE21777B,Sotalol Hydrochloride 120 mg,699
00378-1140-01_B8235C0A,Buspirone Hydrochloride 5 mg,700
00093-5207-01_782BBC1D,Oxybutynin Chloride Extended Release 10 mg,701
00093-5125-01_342D9A0C,Benazepril Hydrochloride 10 mg,702
00093-5769-56_F227F97F,Olanzapine 7.5 mg,703
16714-0663-01_3F159FCC,Gabapentin 400 mg,704
00093-1025-06_8A29C56E,Nefazodone Hydrochloride 200 mg,705
00093-7188-56_0323818C,Fluoxetine Hydrochloride 10 mg,706
00555-0873-02_BA305D62,Medroxyprogesterone Acetate 5 mg,707
00378-0186-01_5626AB25,Clonidine Hydrochloride 0.2 mg,708
00093-7227-72_CC306663,Ribavirin 200 mg,709
00093-7294-01_812F40CA,Terbinafine Hydrochloride 250 mg,710
00093-7114-98_8A2BC51E,Paroxetine Hydrochloride 10 mg,711
00093-3160-06_FB297DFB,Cefdinir 300 mg,712
65862-0142-01_A621537A,Carvedilol 3.125 mg,713
00093-1893-01_9C2B4E3A,Etodolac 500 mg,714
00093-7369-56_AD2FD6CE,Hydrochlorothiazide and Losartan Potassium 12.5 mg / 100 mg,715
00093-7466-98_A51DD2AE,Irbesartan 300 mg,716
47781-0307-01_C41C6263,Macrodantin 50 mg,717
00378-1813-01_4823A43D,Levothyroxine Sodium 125 mcg (0.125 mg),718
00093-3196-53_C52DE2FF,Cefadroxil Monohydate 500 mg,719
00555-0925-02_972F4BDA,Warfarin Sodium 3 mg,720
00555-0834-02_932F49CA,Warfarin Sodium 7.5 mg,721
00378-1053-01_32211928,Enalapril Maleate 10 mg,722
00173-0556-02_251912B8,Zyban 150 mg,723
00093-7147-56_432BA1DD,Azithromycin Monohydrate 600 mg,724
00555-0302-02_E22B717B,Hydroxyzine Pamoate 50 mg,725
00093-5712-01_242B924C,Glyburide and Metformin Hydrochloride 5 mg / 500 mg,726
00069-2600-66_3A211D78,Procardia 10 mg,727
00093-7477-01_9B294DCA,Mycophenolate Mofetil 500 mg,728
00093-7182-01_362B9B4C,Ofloxacin 400 mg,729
00085-1322-01_CF07E78F,Clarinex-D 12 Hour 2.5 mg / 120 mg,730
00173-0178-55_AF18D7A6,Wellbutrin 100 mg,731
00093-1044-01_B229D97E,Enalapril Maleate and Hydrochlorothiazide 5 mg / 12.5 mg,732
00093-5289-56_9927CCDE,Voriconazole 50 mg,733
00093-2055-06_B12B588A,Detrol 2 mg,734
59762-2858-01_00200070,Exemestane 25 mg,735
50111-0468-01_39301CE0,Propranolol Hydrochloride 20 mg,736
00093-1048-98_C029E06F,Metformin Hydrochloride 500 mg,737
00093-7540-06_6D2936E9,Topiramate 50 mg,738
55111-0198-30_E022F067,Simvastatin 10 mg,739
00093-4339-01_B82DDC0E,Terazosin Hydrochloride 10 mg,740
00378-1150-01_8B23458A,Buspirone Hydrochloride 10 mg,741
00093-7207-56_E62FF37F,Mirtazapine 30 mg,742
64980-0112-01_DC236E0B,Benztropine Mesylate 1 mg,743
00007-4882-13_E118F097,Requip XL 12 mg,744
54092-0517-02_D715EBBF,Intuniv 3 mg,745
00093-4030-01_04268274,Indomethacin 50 mg,746
00169-0081-81_CD1C66E3,Prandin 0.5 mg,747
00555-9032-70_5F2FAFCD,Tri-Legest Fe ferrous fumarate 75 mg,748
51285-0091-58_8B2DC58E,Nordette-28 inert,749
00093-7201-98_D327E9EF,Pravastatin Sodium 20 mg,750
00186-5040-31_FE1D7F6B,Nexium 40 mg,751
00555-9014-67_9B2FCDCE,Lessina inert,752
51285-0087-87_912FC8BE,Seasonique ethinyl estradiol 0.01 mg,753
51285-0092-87_BE305F72,LoSeasonique ethinyl estradiol 0.01 mg,754
00172-2083-60_B122D8F6,Hydrochlorothiazide 25 mg,755
00093-0576-06_6026B005,Lovastatin 20 mg,756
00093-7370-01_C419623B,Amlodipine Besylate and Benazepril Hydrochloride 2.5 mg / 10 mg,757
00093-0135-01_D32169FB,Carvedilol 6.25 mg,758
00093-7156-56_DF27EF8F,Simvastatin 80 mg,759
00093-7270-98_9027C85E,Pravastatin Sodium 80 mg,760
53014-0404-10_2D1C9684,Semprex-D 8 mg-60 mg,761
00555-9014-67_952FCACE,Lessina inert,762
00093-7370-01_F026F807,Amlodipine Besylate and Benazepril Hydrochloride 2.5 mg / 10 mg,763
51672-4032-01_E52672E3,Warfarin Sodium 5 mg,764
51285-0087-87_8C2FC64E,Seasonique ethinyl estradiol 0.01 mg,765
00093-3147-01_24231258,Cephalexin Monohydrate 500 mg,766
00093-7154-56_2C281650,Simvastatin 20 mg,767
00093-0812-01_2D2316D8,Nortriptyline Hydrochloride 50 mg,768
50111-0434-01_4F212799,Trazodone Hydrochloride 100 mg,769
00093-3195-01_BF295F9A,Ketoprofen 75 mg,770
51285-0595-02_EE2FF76F,Vivactil 5 mg,771
00555-9012-58_7F2FBFBD,Nortrel 7/7/7 ethinyl estradiol 0.035 mg / norethindrone 1 mg,772
00093-0810-01_34271A58,Nortriptyline HCl 10 mg,773
50111-0470-01_FB2FFDFF,Propranolol Hydrochloride 60 mg,774
00555-9012-58_7A2FBD4D,Nortrel 7/7/7 ethinyl estradiol 0.035 mg / norethindrone 1 mg,775
00093-0811-01_20231018,Nortriptyline Hydrochloride 25 mg,776
00093-2204-01_8426C266,Metoclopramide Hydrochloride 5 mg,777
00093-7152-98_EE27F76F,Simvastatin 5 mg,778
50111-0483-01_333019E0,Theophylline Extended-Release 100 mg,779
00093-3171-01_10268814,Clindamycin Hydrochloride 150 mg,780
00093-3125-01_DD26EEA7,Dicloxacillin Sodium 500 mg,781
00071-0419-24_361C9B04,Nitrostat 0.6 mg,782
00093-0813-01_D626EB47,Nortriptyline Hydrochloride 75 mg,783
00555-9032-70_562FAB1D,Tri-Legest Fe ferrous fumarate 75 mg,784
65597-0118-30_071D83EC,Tribenzor 10 mg / 25 mg / 40 mg,785
00093-0135-01_39281CE0,Carvedilol 6.25 mg,786
00093-0787-01_AE26D766,Atenolol 25 mg,787
00093-2210-98_B827DC6E,Sucralfate 1 g,788
00093-7335-06_C526E2A7,Topiramate (Sprinkle) 15 mg,789
00172-4097-60_532329F9,Baclofen 20 mg,790
00172-5313-60_BC27DE7E,Ciprofloxacin Hydrochloride 750 mg,791
00093-7198-56_C429620B,Fluoxetine Hydrochloride 40 mg,792
00093-0753-01_A526D2E6,Atenolol 100 mg,793
51285-0114-58_982DCC1E,Mircette ethinyl estradiol 0.01 mg,794
00172-2907-60_AA26D556,Furosemide 40 mg,795
00093-7155-98_4A21A50D,Simvastatin 40 mg,796
00555-9008-67_292F949C,Nortrel 0.5/35 inert,797
00093-3165-01_36231B28,Minocycline Hydrochloride 50 mg,798
00093-0051-01_A022D026,Carvedilol 3.125 mg,799
00172-4097-60_7B26BDE5,Baclofen 20 mg,800
52544-0291-28_5C1E2E51,Trivora ethinyl estradiol 0.03 mg / levonorgestrel 0.125 mg,801
00172-4364-60_66243311,Labetalol Hydrochloride 100 mg,802
00093-1003-01_B326D9D6,BusPIRone Hydrochloride 15 mg,803
51672-4029-01_B9265CF2,Warfarin Sodium 2.5 mg,804
00093-0147-01_212990BC,Naproxen 250 mg,805
00093-0576-06_DB23EDBF,Lovastatin 20 mg,806
00310-0281-60_091C84E4,Seroquel XR 150 mg,807
51285-0114-58_942DCA0E,Mircette ethinyl estradiol 0.01 mg,808
00172-4364-60_C527E2FF,Labetalol Hydrochloride 100 mg,809
63459-0215-30_D11C6893,Nuvigil 150 mg,810
00555-9016-58_492FA48D,Sprintec inert,811
00093-3165-01_19270CA8,Minocycline Hydrochloride 50 mg,812
00172-3650-70_7626BB45,Glipizide 10 mg,813
00310-0282-60_0F1C87E4,Seroquel XR 200 mg,814
00093-2268-01_D5296ADB,Amoxicillin 250 mg,815
51285-0091-58_8F2DC79E,Nordette-28 inert,816
00093-5256-68_15268A84,Clindamycin Hydrochloride 300 mg,817
00093-9107-29_8A21C51E,Mebendazole (Chewable) 100 mg,818
00093-3109-53_C819644B,Amoxicillin 500 mg,819
00093-0928-06_6926B4E5,Lovastatin 40 mg,820
00093-0058-01_00280060,Tramadol Hydrochloride 50 mg,821
00093-3171-01_E626F327,Clindamycin Hydrochloride 150 mg,822
00093-4068-01_CC26E637,Prazosin Hydrochloride 2 mg,823
00555-9032-70_522FA90D,Tri-Legest Fe ferrous fumarate 75 mg,824
00093-4067-01_CE26E757,Prazosin Hydrochloride 1 mg,825
00093-0149-01_BA23DD0E,Naproxen 500 mg,826
00093-3147-01_C51962CB,Cephalexin Monohydrate 500 mg,827
00172-2908-60_BC26DE56,Furosemide 20 mg,828
00172-2089-60_9C26CE66,Hydrochlorothiazide 50 mg,829
52544-0291-28_601E3031,Trivora ethinyl estradiol 0.03 mg / levonorgestrel 0.125 mg,830
00093-0926-06_9826CC56,Lovastatin 10 mg,831
00093-2267-01_052982AC,Amoxicillin 125 MG,832
00555-9008-67_252F928C,Nortrel 0.5/35 inert,833
00093-0813-01_2D2316A8,Nortriptyline Hydrochloride 75 mg,834
00093-2203-01_CE27E77F,Metoclopramide Hydrochloride 10 mg,835
51285-0114-58_9D2DCE8E,Mircette ethinyl estradiol 0.01 mg,836
00555-9016-58_4D2FA69D,Sprintec inert,837
00245-0041-11_9623CB0E,Klor-Con 10 10 mEq,838
00093-7336-06_FA26FD17,Topiramate (Sprinkle) 25 mg,839
00093-4069-01_E126F0B7,Prazosin Hydrochloride 5 mg,840
00093-0109-01_40202051,Carbamazepine 200 mg,841
00093-0051-01_3E281F50,Carvedilol 3.125 mg,842
50111-0851-01_873243C2,Benzonatate 100 mg,843
00093-7334-01_A929548A,Mycophenolate Mofetil 250 mg,844
00093-7202-98_6323B1ED,Pravastatin Sodium 40 mg,845
50111-0434-01_F22FF97F,Trazodone Hydrochloride 100 mg,846
10144-0604-15_F21DF94F,Zanaflex 4 mg,847
68546-0229-56_402D2059,Rasagiline Mesylate 1 mg,848
54092-0189-81_381B9C6C,Pentasa 250 mg,849
00555-9034-58_712FB8CD,Balziva inert,850
00093-1177-01_4F2B27C9,Neomycin Sulfate 500 mg,851
00555-9034-58_6D2FB6BD,Balziva inert,852
00093-3167-53_10270828,Minocycline Hydrochloride 100 mg,853
00093-2204-01_8A204572,Metoclopramide Hydrochloride 5 mg,854
00093-0311-01_26211358,Loperamide Hydrochloride 2 mg,855
00555-9012-58_832FC1CE,Nortrel 7/7/7 ethinyl estradiol 0.035 mg / norethindrone 1 mg,856
50111-0459-01_1C300E70,Theophylline Extended-Release 300 mg,857
00555-9012-58_762FBB3D,Nortrel 7/7/7 ethinyl estradiol 0.035 mg / norethindrone 1 mg,858
00093-4029-01_272713C8,Indomethacin 25 mg,859
00093-0149-01_2629932C,Naproxen 500 mg,860
00093-0148-01_4629A34D,Naproxen 375 mg,861
00093-0058-05_5829AC4D,Tramadol Hydrochloride 50 mg,862
00056-0170-70_95134AFA,Coumadin 2 mg,863
00172-2083-60_6426B215,Hydrochlorothiazide 25 mg,864
00093-0810-01_24231228,Nortriptyline HCl 10 mg,865
00093-0752-01_8826C476,Atenolol 50 mg,866
00093-3193-01_AD29569A,Ketoprofen 50 mg,867
00093-0771-98_CA27E56F,Pravastatin Sodium 10 mg,868
68546-0142-56_3B2D1DE8,Rasagiline Mesylate 0.5 mg,869
51285-0092-87_C33061E3,LoSeasonique ethinyl estradiol 0.01 mg,870
00056-0176-70_99134CAA,Coumadin 2.5 mg,871
00093-7155-56_A227D15E,Simvastatin 40 mg,872
00093-7153-56_E527F2EF,Simvastatin 10 mg,873
00555-9032-70_5B2FAD8D,Tri-Legest Fe ferrous fumarate 75 mg,874
00093-0054-01_7226B965,Buspirone Hydrochloride 10 mg,875
00093-3167-53_F7267B83,Minocycline Hydrochloride 100 mg,876
00056-0188-70_9B134DFA,Coumadin 3 mg,877
00093-5256-68_8727C3AE,Clindamycin Hydrochloride 300 mg,878
00093-3123-01_EB26F597,Dicloxacillin Sodium 250 mg,879
00093-0811-01_15270A98,Nortriptyline Hydrochloride 25 mg,880